mean_yaw,std_yaw,yaw_range,mean_pitch,std_pitch,pitch_range,mean_roll,std_roll,looking_down_ratio,mean_downward_severity,max_downward_severity,forward_ratio,away_ratio,face_visible_ratio,head_movement,orientation_change_rate,mean_confidence,label
0.01280741234411295,0.045029905792331744,0.18954961957763025,0.5484843314401939,0.01598545760649402,0.09050977520228831,4.151151701076274,2.242711748675174,0.0,0.0008389356570372643,0.046998235744653005,1.0,0.0,1.0,0.022370962572357357,0.0,0.9500280655804453,Engaged
0.0006301784778300945,0.02612796276476455,0.17897794968510813,0.5415927057869659,0.007910921032542678,0.06835355703389889,4.997691005992537,1.2695007468884223,0.0,0.0,0.0,1.0,0.0,1.0,0.019599916464566196,0.0,0.9504174844498203,Engaged
0.028526992277005888,0.04538946022531932,0.16149854176305636,0.5489022118254943,0.016332298296931086,0.08278847865076766,3.866853751284922,2.2882632035993,0.0,1.4017203860216115e-06,0.00044294364198282926,1.0,0.0,1.0,0.02819818386741195,0.0,0.9492003217905383,Engaged
0.046112477973445296,0.052965366225535965,0.19331479023660708,0.5597842561004125,0.019037891070678988,0.0888992922575147,3.5075784824066663,2.6684074570847107,0.0,6.461489885284701e-05,0.0179024110898315,1.0,0.0,1.0,0.036731988790366855,0.0,0.9479670016923537,Engaged
0.04127871586482084,0.054590028066880576,0.19331479023660708,0.5685528841261631,0.013233681762908359,0.09567158809837673,3.6451968404267343,2.662528988538348,0.0,0.0002486768748633334,0.03725182777800873,1.0,0.0,1.0,0.039835279430436125,0.0,0.9475105710235643,Engaged
0.02387936895027711,0.05424618461291479,0.3408738890433964,0.5753022862773727,0.022020493015786766,0.10626107684920572,5.250002287468649,3.9630304485123182,0.0,0.00872275156359863,0.14808917020641482,1.0,0.0,1.0,0.03563651040858712,0.0,0.9472070253256596,Engaged
0.07213936195239928,0.09960787752376538,0.3928030050324057,0.5648421717748101,0.02777205993577466,0.16454144123508924,-0.4042392464900625,9.771898579289793,0.0,0.008609843484015597,0.14808917020641482,1.0,0.0,1.0,0.029718681882403168,0.0,0.9447275066232107,Engaged
0.11648133311786982,0.08847296636403437,0.3928030050324057,0.5561909201689489,0.029357874708391102,0.16454144123508924,-4.954382998208701,9.451386315903125,0.0,0.008479938339920638,0.14808917020641482,1.0,0.0,1.0,0.026036509896560266,0.0,0.9431305343454535,Engaged
0.044298414704097455,0.11915402521088736,0.4651009094507611,0.5568765771213938,0.029690242935827695,0.13531922297986465,0.8920692151238667,4.5872457764049575,0.0,0.0041192130637227415,0.1294996596023422,1.0,0.0,1.0,0.025113554727324107,0.0,0.9470450715916602,Neutral
-0.005132928246548982,0.1466856775174576,0.6136768631329148,0.5630190787562699,0.030693965967113043,0.14079389698129774,0.6369071629896443,5.042894761046868,0.0,0.007204256206646672,0.1294996596023422,0.9939024390243902,0.006097560975609756,1.0,0.028095897700998417,0.012232415902140673,0.946245851494917,Neutral
0.06766623959912074,0.21736182993043865,0.978537332500848,0.5610230712575837,0.04222749172354946,0.19707552166111575,0.7558218177748822,5.642234503249288,0.0,0.009751794156389928,0.1294996596023422,0.890625,0.109375,1.0,0.03492115378906141,0.018808777429467086,0.9450296271592379,Neutral
0.05941968226904216,0.21736205223075356,0.978537332500848,0.5644344919966462,0.0413752702004715,0.18985371023122222,2.816524324495615,4.841636711678173,0.0,0.008409826324087776,0.10886591265978923,0.8926380368098159,0.10736196319018405,1.0,0.035305318083413535,0.018461538461538463,0.9434493352299088,Neutral
-0.021040716774324394,0.24996402308804355,1.0204391648720308,0.5573114901196868,0.03787899901563839,0.17909340898555137,4.027993550033893,4.516960678559285,0.0,0.004780744687503883,0.07812219481501538,0.8246153846153846,0.1753846153846154,1.0,0.033600447044285324,0.06172839506172839,0.9424906112597539,Neutral
-0.1377431097728716,0.24809533609725976,1.0719769280750004,0.554026683007289,0.03227003192017121,0.1390564099306113,5.647504336571771,3.0653102182282077,0.0,0.0033878273730976616,0.07458840556765775,0.746177370030581,0.25382262996941896,1.0,0.03159060581105817,0.0736196319018405,0.9423482503730587,Neutral
-0.10002961102882167,0.2819145064032931,1.0764129519121193,0.5479096797404652,0.032241030845140795,0.14534795840118642,4.815739023604794,3.5894121451841348,0.0,0.0038919391944196207,0.09256425834072951,0.718266253869969,0.28173374613003094,1.0,0.03345801145382215,0.08074534161490683,0.9435212470060531,Neutral
0.005438171337858364,0.256475995354761,1.0764129519121193,0.5533327755786119,0.03462846456136579,0.14534795840118642,3.4218583624456747,3.559973209665195,0.0,0.004390929150619676,0.09256425834072951,0.7938461538461539,0.20615384615384616,1.0,0.03203378810584397,0.021604938271604937,0.9456856435995835,Neutral
0.10703452964324302,0.13299841789251166,0.5937814119467762,0.561528762889446,0.03023072814531849,0.1366695129034276,1.70660001475684,2.563525138984827,0.0,0.0032791744434900794,0.09256425834072951,0.9049079754601227,0.0950920245398773,1.0,0.0284509272171702,0.012307692307692308,0.946860101691053,Neutral
1.049634441220359,1.2929420160414122,5.2916431587651385,0.6058587812771693,0.22394685425174207,0.7120988674666127,-8.251290924512116,15.67647501336378,0.359375,0.29168561141063265,1.0,0.071875,0.928125,1.0,0.19813292119375167,0.025078369905956112,0.9089014180004596,Low Engagement
0.9322708901106374,1.4330760482769243,4.864109116260757,0.5009945722400435,0.16406514035951833,0.6317859541661375,-4.377640043816278,17.44161939212744,0.1574074074074074,0.11743619420976271,1.0,0.043209876543209874,0.9567901234567902,1.0,0.20870602476643452,0.021671826625386997,0.9105923999974757,Low Engagement
0.47109574887873384,1.5128061670431179,4.932867821670458,0.4130535066734809,0.042499842137298426,0.29042984809716016,-1.9333832103177953,16.381680283902227,0.0,0.0006226788340780747,0.09659445585790223,0.20923076923076922,0.7907692307692308,1.0,0.18890518676068957,0.015432098765432098,0.9085703103358929,Low Engagement
-0.23132324439223298,0.6883034656853166,3.8297072902378124,0.44180189657241686,0.10213186833746554,0.5950638170950998,6.222048274413384,8.331075845969162,0.05263157894736842,0.03353500225882284,0.9454359869505383,0.3281733746130031,0.6718266253869969,1.0,0.09946682746025766,0.024844720496894408,0.9078868647847014,Low Engagement
-0.03413223631951776,0.5078682889710867,2.4669900121592674,0.5877643785100596,0.22977093085899614,0.667793678424821,6.920104954736225,7.241466673304464,0.39755351681957185,0.30190890528959063,1.0,0.2874617737003058,0.7125382262996942,1.0,0.06682774467008526,0.018404907975460124,0.9050976730632491,Low Engagement
0.12340828221932733,0.37384633345201096,1.6952942423070954,0.7187752609727082,0.21193800572468968,0.667793678424821,6.3257542800413935,7.383691621357877,0.6413373860182371,0.4983856690438583,1.0,0.15501519756838905,0.8449848024316109,1.0,0.05669577195600024,0.021341463414634148,0.9136911315396201,Low Engagement
0.08159012612423386,0.12792095505255574,0.3837290807704104,0.5787999791523163,0.02785402208383138,0.12830378285057809,-1.3742249036895415,4.133888475042242,0.0,0.012068593070577399,0.11408494092128155,1.0,0.0,1.0,0.028554206638710285,0.0,0.9484444555886294,Engaged
0.15030334462844577,0.11431939950398903,0.6034106635763491,0.5490569651069456,0.026489342648661204,0.12029922603243215,-0.20396645147273318,4.036497567893265,0.0,0.0011814081620636027,0.08875207310644617,0.8944954128440367,0.10550458715596331,1.0,0.028622791787984093,0.03686635944700461,0.9458587738352084,Engaged
0.06845154176562634,0.03218170634675757,0.15235006538388904,0.5455625688029089,0.026760419252133256,0.10876063238072331,3.320259243329889,2.19598463131494,0.0,0.0014849147711302267,0.0503604936357549,1.0,0.0,1.0,0.03621906587718899,0.0,0.9457366139116422,Engaged
0.10047647442857605,0.14931579497930456,0.878676345863565,0.548264435787578,0.026966547391651448,0.1967102152779816,2.309798999167052,2.565517784436232,0.0,0.0020573485517043693,0.08067729450602666,0.9357798165137615,0.06422018348623854,1.0,0.03726505248287241,0.009216589861751152,0.9482736795320423,Engaged
0.0883450750992311,0.1267591105756174,0.8043351770667357,0.5557021419700184,0.027734923381408132,0.17605755122679184,0.040102851381516466,3.0238525843967463,0.0,0.003477309436362256,0.1538213815423133,0.9778761061946902,0.022123893805309734,1.0,0.025248124070680066,0.0044444444444444444,0.9476921347390234,Engaged
0.20169508456379062,0.2845789580557171,1.225135634043195,0.5453152605200684,0.047908769911165654,0.22828700756301096,1.1138198876804037,7.950748941656033,0.0,0.0046101842227640605,0.1235594774721051,0.7117117117117117,0.2882882882882883,1.0,0.04898043657159197,0.01809954751131222,0.9418699378902847,Neutral
0.10215713459382154,0.1615985932060596,0.7007963628471553,0.5444536397570846,0.050645073764913076,0.1904547595629726,3.1222962386863924,2.8774302440302484,0.0,0.0029454877296508247,0.0851565651850986,0.9590909090909091,0.04090909090909091,1.0,0.039251454636816493,0.0182648401826484,0.9387386378916827,Neutral
0.08966215204744023,0.11292835063275121,0.49648255730918334,0.5589720558883722,0.027445413231624596,0.12257379147208242,1.36476658381132,3.049426394789312,0.0,0.0019234989250984762,0.041551650755450156,0.9906103286384976,0.009389671361502348,1.0,0.02775892083826902,0.014150943396226415,0.9482162124674085,Neutral
0.22269050623741393,0.30243462151665357,1.0489184846634814,0.5328008452884893,0.05532140706545998,0.20838760148158586,0.31019513357774625,6.635295694565052,0.0,0.004078932560262084,0.07863630865584646,0.7477477477477478,0.25225225225225223,1.0,0.04427999945779453,0.04524886877828054,0.9417711695035299,Neutral
0.34348921944229704,1.0144175803540976,5.7127907638417,0.5241430827122705,0.07785161356764422,0.30529447317663627,-4.681872882163499,17.788658277600906,0.0,0.0029808541711241286,0.14480062306460675,0.6063348416289592,0.3936651583710407,1.0,0.12772735706719918,0.022727272727272728,0.936931244388425,Neutral
0.9186077716150275,1.7219374627434765,8.172770483283204,0.49429633563892733,0.07283395136132234,0.29786269911239943,-19.663530682792867,45.98434117481987,0.0,0.00044868226666786666,0.035778733812693746,0.5806451612903226,0.41935483870967744,1.0,0.22409771821094535,0.013888888888888888,0.9250284749242018,Neutral
0.14185681608650164,0.06479236822423695,0.30465860131018146,0.5559740730888513,0.03293101665085854,0.14427340651674192,0.12455136990068796,4.950704489588612,0.0,0.006090833118316508,0.08523211447865657,0.9861111111111112,0.013888888888888888,1.0,0.027249547823240284,0.018604651162790697,0.9411847538970135,Neutral
0.3178862424190386,0.6313933507153351,3.643635380959604,0.5652745578701712,0.060510112249445205,0.2852820578879269,5.921776041214876,15.000529966713863,0.0,0.014832499204960537,0.15102665392472944,0.8577981651376146,0.14220183486238533,1.0,0.06738518626296697,0.009216589861751152,0.9131980461811801,Neutral
0.4648153272024124,0.2798658428653243,0.9439744395929347,0.5275038417909633,0.053734265688543656,0.2031171665512907,6.177933375297833,13.676604156407224,0.0,0.0006250011117292181,0.05833820264718253,0.452914798206278,0.547085201793722,1.0,0.05473565662852783,0.04054054054054054,0.9300612176480315,Low Engagement
0.5110420624929024,0.07826835432691334,0.3648185149846865,0.5637499542589166,0.03343346277119003,0.1209142620972804,20.12689835247443,3.446391543916859,0.0,0.002157299669601895,0.05610048171406439,0.0,1.0,1.0,0.05572700556241588,0.0,0.9230105106220688,Low Engagement
0.058785811680470416,0.11899387779151305,0.5898657453580912,0.6342664589688748,0.05053846638283573,0.30004835307289457,12.000340187045584,5.1603591988627375,0.04608294930875576,0.12152571470713591,0.41488170005549196,0.8709677419354839,0.12903225806451613,0.9908675799086758,0.041157484440597435,0.05092592592592592,0.9218141749707235,Low Engagement
0.08984030487795672,0.037916501288954046,0.23144603718270648,0.742897526581755,0.12510948798095226,0.5132008958384702,6.518869290570635,10.357197540889556,0.6507936507936508,0.4421785949403836,0.9384454171446511,0.3492063492063492,0.6507936507936508,0.28378378378378377,0.057919795335437195,0.04838709677419355,0.8838311802773249,Low Engagement
-0.08979685136138334,0.4018077310661842,1.4693308320838854,0.7003938323014156,0.10459743930977901,0.4294566876247694,-2.7966193543055677,19.456308698177782,0.6801801801801802,0.3328443554714051,0.8032353932210385,0.04504504504504504,0.954954954954955,1.0,0.05026148265942016,0.04524886877828054,0.907268792122334,Low Engagement
-0.5360394317254166,0.06069301902711663,0.33553038180749345,0.5814375471644097,0.00793852642277819,0.04133722959480279,-39.332640057106644,2.679498149796465,0.0,3.8341102228017e-05,0.005515896400380337,0.0,1.0,1.0,0.04703656963359926,0.0,0.8967081744562496,Low Engagement
-0.04760591834330289,0.36354827579719745,1.0987842385722675,0.5793305535132334,0.023520220113686575,0.1590857764051592,-14.527879319309141,22.75397091276221,0.0,0.003492431916663001,0.18890033284697486,0.39631336405529954,0.6036866359447005,1.0,0.04640769721313373,0.041666666666666664,0.9232083193717464,Low Engagement
