timestamp,student_id,engagement_score,status
2026-08-12T11:15:10,1,80,Engaged
2026-08-12T11:15:10,2,50,Neutral
2026-08-12T11:15:10,3,25,Disengaged
2026-08-17T14:46:51,1,80,Engaged
2026-08-17T14:46:51,2,50,Neutral
2026-08-17T14:46:51,3,25,Disengaged
2026-08-17T17:23:22,1,80,Engaged
2026-08-17T17:23:27,5,80,Engaged
2026-08-17T17:23:27,6,50,Neutral
2026-08-17T17:23:32,5,80,Engaged
2026-08-17T17:23:32,6,50,Neutral
2026-08-17T17:23:37,10,80,Engaged
2026-08-17T17:23:42,11,80,Engaged
2026-08-17T17:23:42,19,50,Neutral
2026-08-17T17:23:47,20,50,Neutral
2026-08-17T17:23:47,11,80,Engaged
2026-08-17T17:23:52,11,80,Engaged
2026-08-17T17:23:52,24,50,Neutral
2026-08-17T17:23:57,28,50,Neutral
2026-08-17T17:24:02,30,80,Engaged
2026-08-17T17:24:07,30,80,Engaged
2026-08-17T17:24:12,30,80,Engaged
2026-08-17T17:24:17,30,80,Engaged
2026-08-17T17:24:22,30,80,Engaged
2026-08-17T18:03:59,1,80,Engaged
2026-08-17T18:04:04,1,80,Engaged
2026-08-17T18:04:09,1,80,Engaged
2026-08-17T18:04:14,1,80,Engaged
2026-08-17T18:04:19,1,80,Engaged
2026-08-17T18:04:24,1,80,Engaged
2026-08-17T18:04:29,1,80,Engaged
2026-08-17T18:04:34,1,80,Engaged
2026-08-17T18:04:39,1,80,Engaged
2026-08-17T18:04:44,1,80,Engaged
2026-08-17T18:04:49,1,80,Engaged
2026-08-17T18:04:55,1,80,Engaged
2026-08-17T18:05:00,1,80,Engaged
2026-08-17T18:05:05,1,80,Engaged
2026-08-17T18:05:10,1,80,Engaged
2026-08-17T18:05:15,1,80,Engaged
2026-08-17T18:05:20,1,80,Engaged
2026-08-17T18:05:25,1,80,Engaged
2026-08-17T18:05:30,1,80,Engaged
2026-08-17T18:05:30,3,50,Neutral
2026-08-17T18:05:30,4,80,Engaged
2026-08-17T18:05:35,1,80,Engaged
2026-08-17T18:05:35,3,50,Neutral
2026-08-17T18:05:40,1,80,Engaged
2026-08-17T18:05:45,1,80,Engaged
2026-08-17T18:05:45,2,50,Neutral
2026-08-17T18:05:45,4,50,Neutral
2026-08-17T18:05:50,1,80,Engaged
2026-08-17T18:05:50,2,50,Neutral
2026-08-17T18:05:50,4,50,Neutral
2026-08-17T18:05:55,1,80,Engaged
2026-08-17T18:05:55,2,50,Neutral
2026-08-17T18:06:00,1,80,Engaged
2026-08-17T18:06:00,2,50,Neutral
2026-08-17T18:06:00,3,50,Neutral
2026-08-19T08:53:51,1,80,Engaged
2026-08-19T08:53:56,1,80,Engaged
2026-08-19T08:53:56,2,50,Neutral
2026-08-19T08:53:56,3,50,Neutral
2026-08-19T08:54:01,1,80,Engaged
2026-08-19T08:54:01,2,50,Neutral
2026-08-19T08:54:01,3,50,Neutral
2026-08-19T08:54:06,1,80,Engaged
2026-08-19T08:54:06,2,50,Neutral
2026-08-19T08:54:06,3,50,Neutral
2026-08-19T08:54:11,1,80,Engaged
2026-08-19T08:54:11,2,50,Neutral
2026-08-19T08:54:11,3,50,Neutral
2026-08-19T08:54:16,2,50,Neutral
2026-08-19T08:54:16,3,80,Engaged
2026-08-19T08:54:21,2,50,Neutral
2026-08-19T08:54:21,3,80,Engaged
2026-08-19T08:54:26,1,50,Neutral
2026-08-19T08:54:26,2,80,Engaged
2026-08-19T09:13:48,1,80,Engaged
2026-08-19T09:13:48,2,80,Engaged
2026-08-19T09:13:53,1,80,Engaged
2026-08-19T09:13:53,2,80,Engaged
2026-08-19T09:13:53,3,50,Neutral
2026-08-19T09:13:58,1,80,Engaged
2026-08-19T09:13:58,2,80,Engaged
2026-08-19T09:13:58,3,50,Neutral
2026-08-19T09:14:03,1,80,Engaged
2026-08-19T09:14:03,2,80,Engaged
2026-08-19T09:14:03,3,50,Neutral
2026-08-19T09:14:08,1,80,Engaged
2026-08-19T09:14:08,2,80,Engaged
2026-08-19T09:14:08,3,50,Neutral
2026-08-19T09:14:08,4,50,Neutral
2026-08-19T09:14:13,1,80,Engaged
2026-08-19T09:14:13,2,80,Engaged
2026-08-19T09:14:13,3,50,Neutral
2026-08-19T09:14:13,4,50,Neutral
2026-08-19T09:14:18,1,80,Engaged
2026-08-19T09:14:18,2,80,Engaged
2026-08-19T09:14:18,3,50,Neutral
2026-08-19T09:14:18,4,50,Neutral
2026-08-19T09:14:23,1,80,Engaged
2026-08-19T09:14:23,2,80,Engaged
2026-08-19T09:14:23,3,50,Neutral
2026-08-19T09:14:23,4,50,Neutral
2026-08-19T09:14:28,1,80,Engaged
2026-08-19T09:14:28,2,80,Engaged
2026-08-19T09:14:28,3,50,Neutral
2026-08-19T09:14:33,1,80,Engaged
2026-08-19T09:14:33,2,80,Engaged
2026-08-19T09:14:33,3,50,Neutral
2026-08-19T09:14:38,1,80,Engaged
2026-08-19T09:14:38,2,80,Engaged
2026-08-19T09:14:38,3,50,Neutral
2026-08-19T09:14:43,1,80,Engaged
2026-08-19T09:14:43,2,80,Engaged
2026-08-19T09:14:43,3,50,Neutral
2026-08-19T09:14:48,1,80,Engaged
2026-08-19T09:14:48,2,80,Engaged
2026-08-19T09:14:48,3,50,Neutral
2026-08-19T09:14:53,1,80,Engaged
2026-08-19T09:14:53,2,80,Engaged
2026-08-19T09:14:53,3,50,Neutral
2026-08-19T09:14:59,1,80,Engaged
2026-08-19T09:14:59,2,50,Neutral
2026-08-19T09:14:59,3,50,Neutral
2026-08-19T09:15:04,1,80,Engaged
2026-08-19T09:15:04,2,50,Neutral
2026-08-19T09:15:04,3,50,Neutral
2026-08-19T09:15:09,2,50,Neutral
2026-08-19T09:15:14,1,80,Engaged
2026-08-19T09:15:19,1,80,Engaged
2026-08-19T09:15:24,1,80,Engaged
2026-08-19T09:37:13,1,80,Engaged
2026-08-19T09:37:13,2,50,Neutral
2026-08-19T09:37:13,3,25,Disengaged
2026-08-19T10:12:29,1,80,Engaged
2026-08-19T10:12:34,1,80,Engaged
2026-08-19T10:12:39,1,80,Engaged
2026-08-19T10:12:39,3,50,Neutral
2026-08-19T10:12:44,1,80,Engaged
2026-08-19T10:12:44,2,50,Neutral
2026-08-19T10:12:44,3,50,Neutral
2026-08-19T10:12:49,1,80,Engaged
2026-08-19T10:12:49,2,50,Neutral
2026-08-19T10:12:49,3,50,Neutral
2026-08-19T10:12:49,4,50,Neutral
2026-08-19T10:12:54,1,80,Engaged
2026-08-19T10:12:54,2,50,Neutral
2026-08-19T10:12:54,3,50,Neutral
2026-08-19T10:12:54,4,50,Neutral
2026-08-19T10:12:59,1,80,Engaged
2026-08-19T10:12:59,2,50,Neutral
2026-08-19T10:12:59,3,50,Neutral
2026-08-19T10:13:04,1,80,Engaged
2026-08-19T10:13:04,2,50,Neutral
2026-08-19T10:13:04,3,50,Neutral
2026-08-19T10:13:09,1,80,Engaged
2026-08-19T10:13:09,2,50,Neutral
2026-08-19T10:13:09,3,50,Neutral
2026-08-19T10:13:14,1,80,Engaged
2026-08-19T10:13:14,2,50,Neutral
2026-08-19T10:13:14,3,50,Neutral
