mean_yaw,std_yaw,mean_pitch,std_pitch,mean_roll,std_roll,looking_down_ratio,forward_ratio,face_visible_ratio,head_movement,mean_confidence,label
0.09522980553532158,0.01794645243622207,0.5838340022630107,0.01068250574282117,0.7925195610907022,0.826761250704553,0.0,1.0,1.0,0.01929735703681915,0.9429993209291677,Engaged
0.09311588586839847,0.01746889223170673,0.5833134773028579,0.010148470411330131,0.7500014694224515,0.8157699271025647,0.0,1.0,1.0,0.019972418954974185,0.9433570713610262,Engaged
0.08868916733930964,0.014561052067392881,0.580952191166409,0.008069679367507774,0.7711585792055101,0.8259431169497367,0.0,1.0,1.0,0.01974132294670241,0.943870460987091,Engaged
0.08507671566276956,0.010953746220633285,0.5801171952734197,0.007602417265850755,0.7062903723656541,0.8234922530759233,0.0,1.0,1.0,0.020360914271982427,0.9444902060847533,Engaged
0.0790060527798222,0.021593183329303597,0.5791468808475916,0.011212062907681626,0.5087096321860675,0.8431780648646705,0.0,1.0,1.0,0.021323649291406226,0.944386352049677,Engaged
0.08024460559064807,0.044000650777079674,0.5737491428994987,0.016098804920421036,0.2117699457742438,1.1789101701937998,0.0,1.0,1.0,0.024651808807606288,0.9437414180291327,Engaged
0.1425995432285938,0.1512499237895387,0.5609220886244564,0.0293224937366766,-1.0366266223992227,2.8932641958065295,0.0,0.8289473684210527,1.0,0.029230306827553024,0.9413594642752096,Engaged
0.1707949565660545,0.18126324274366942,0.5531822375851919,0.031273304665668474,-1.409334435044302,3.72967395292227,0.0,0.7466666666666667,1.0,0.037913602468540676,0.9398975523312887,Engaged
0.1356761365617127,0.21301090286697355,0.5472587390821325,0.028543361611003425,-0.25168164005412685,5.239197350705256,0.0,0.75,1.0,0.03963413332078822,0.9390904668130373,Engaged
0.13183035217615738,0.2141303184757132,0.5465198298465549,0.02768774600740455,-0.5174455967540844,5.260653616166722,0.0,0.75,1.0,0.03775125101440616,0.9389665613048955,Engaged
0.13149682054108,0.2142614517749258,0.5499873542396113,0.031078141352704997,-0.5368933731597071,5.252389222068348,0.0,0.75,1.0,0.040596157972571954,0.9405961428817949,Engaged
0.12075471007257237,0.21142376388088496,0.5614523706019624,0.03983739669062556,-0.07325512586807757,5.24707138908462,0.0,0.7631578947368421,1.0,0.03591632843165163,0.9425045275374463,Engaged
0.05395731849807149,0.14740136088357983,0.5768743151413346,0.03409867547090382,1.6075908916701738,4.382089358871635,0.0,0.922077922077922,1.0,0.03398004442917333,0.9457959122471995,Engaged
0.022219596443837954,0.07473250932874377,0.5813567526635537,0.028863116278980964,2.3639426773561807,3.4017673406315687,0.0,1.0,1.0,0.027254794769807213,0.9474512567886939,Engaged
0.08525130708579359,0.024473736992776652,0.537090174323555,0.01914383686755091,1.335511037875649,0.9792289038484757,0.0,1.0,1.0,0.02873224328076513,0.9441730797290802,Neutral
0.07693278386973196,0.030393225276341272,0.5361922160560215,0.019476920205100046,1.3083658101116324,1.0322817769796249,0.0,1.0,1.0,0.030855702434089763,0.9434066961889398,Neutral
0.04957561092465334,0.06241995232555319,0.5367130024782063,0.019794066478809248,1.3446178779435898,1.484293016611922,0.0,1.0,1.0,0.03622560521675263,0.942872994740804,Neutral
0.033088503664581055,0.06153098613869642,0.538294341548006,0.020037537051924202,0.9115231484656815,1.836687174328806,0.0,1.0,1.0,0.035464651181458945,0.9428024244935889,Neutral
0.050344360486589426,0.09874193198571089,0.5388125792003693,0.020239929661424766,0.261027398639362,2.2681112751738954,0.0,0.9605263157894737,1.0,0.04020144817199675,0.9419360866672114,Neutral
0.10102414608379304,0.16263473047134322,0.539017545409083,0.018196428484692245,-0.12445080606573204,2.206174720995232,0.0,0.8,1.0,0.04089437882734741,0.9404740349451701,Neutral
0.14916227583208033,0.18848392948015902,0.5444228849908472,0.014285444517901386,-0.6366578447359781,2.0133449403075554,0.0,0.6756756756756757,1.0,0.032989869878979255,0.9389868048397271,Neutral
0.18397186446840572,0.1823303467538509,0.5489462437633422,0.012771411681102818,-0.8760548598414503,1.8465632270899612,0.0,0.6575342465753424,1.0,0.033022935757392444,0.9387954310195087,Neutral
-0.05655839251431969,0.27289840307560803,0.5774247393702304,0.04081082047903169,3.170966718232918,6.090899811636854,0.0,0.7333333333333333,1.0,0.043635264144290385,0.9321223427851995,Low Engagement
0.05096059507767527,0.546310471742729,0.5702968190955932,0.0655593715614069,0.23938941588648152,9.156163191582088,0.0,0.6388888888888888,1.0,0.08347177487449678,0.9270557769470744,Low Engagement
0.6234466845974201,1.4729525392908556,0.5389245756312668,0.102439214323215,-7.897097958655808,20.373588587110977,0.0,0.47297297297297297,1.0,0.30133545616797053,0.9155259921744063,Low Engagement
0.8944630381444522,1.5005800846156803,0.5134315899026564,0.11612840378153894,-12.274527811545653,21.625087880682983,0.0,0.30666666666666664,1.0,0.38189423193685285,0.8999641784032186,Low Engagement
1.2806405894542596,1.598491075808291,0.4814384151491142,0.12198518327210786,-20.16972692879779,25.06660136601355,0.0,0.14666666666666667,1.0,0.45979898188149515,0.8868940655390422,Low Engagement
2.0398346376580787,1.7773677957721965,0.4409928627033841,0.10335993070944861,-31.828375431940763,23.250168736440408,0.0,0.02702702702702703,1.0,0.6275740765269258,0.8764993040948301,Low Engagement
2.9053258412542715,1.6390250331644696,0.40468723579443494,0.07424816249470408,-43.80153969480743,24.3056782912187,0.0,0.02702702702702703,1.0,0.7056058678228492,0.870473796451414,Low Engagement
3.5311446108546676,1.3927947303039512,0.3864409323672108,0.02354027322107729,-51.50084517643555,22.36202714690902,0.0,0.0,1.0,0.7196189190709101,0.8668034180005392,Low Engagement
3.5060669996632003,1.370991377936705,0.3865119427375685,0.02087877664582728,-51.4845234871489,23.18077593417374,0.0,0.0,1.0,0.6508319874615309,0.8696385272343954,Low Engagement
3.5971270366017456,1.255615637195093,0.38441483785819175,0.018551376531605674,-51.246526028195895,22.553568420516456,0.0,0.0,1.0,0.6733634819219444,0.8769815540627429,Low Engagement
3.2830751754502114,1.6224576380811608,0.4028644341366161,0.04975857670708251,-43.147406649503,28.978995551212083,0.0,0.039473684210526314,1.0,0.6158205733503738,0.8870739819187867,Low Engagement
2.6046858894405456,1.9359856023947557,0.4263073512040183,0.07317656716349707,-34.62110156013182,31.882267841172478,0.0,0.19736842105263158,1.0,0.46375922952413473,0.8978527878460131,Low Engagement
1.8170543419348621,1.8037462195399638,0.45603326115787723,0.08730190146280206,-22.007986512630882,26.571240647395204,0.0,0.35135135135135137,1.0,0.39717737574113404,0.9082446428569587,Low Engagement
1.062199092833624,1.3915796807930356,0.48346546734292734,0.0908683464332175,-11.553621641919584,19.711515354913427,0.0,0.5138888888888888,1.0,0.331101157155535,0.9187272555298276,Low Engagement
0.5457160848104675,0.97167371000752,0.5139705826306575,0.07535695888934683,-4.833099801384279,11.455746961673125,0.0,0.6857142857142857,1.0,0.13584923158718787,0.9267343061310904,Low Engagement
0.09262078284586071,0.316410470292875,0.5469623782818203,0.04148999874674204,-0.09336669693337013,3.799670802713704,0.0,0.873015873015873,1.0,0.061037277267902486,0.9350130028194852,Low Engagement
0.0070579070260387315,0.08446596760825135,0.5581561362634245,0.018271846932147322,-0.7544258954190933,1.6530313099642902,0.0,1.0,1.0,0.025811453086981673,0.9381644346497275,Low Engagement
0.05524910654753441,0.0535519831375551,0.5578534939368235,0.01901855854096666,-0.7792717198038727,1.5665576367794212,0.0,1.0,1.0,0.023968188722905855,0.9385804307460784,Low Engagement
0.07181580890207533,0.05902994223326272,0.5519755992241948,0.012432927632938419,-1.0052455215844402,1.3919077390313974,0.0,1.0,1.0,0.022249709753720936,0.9390760863369162,Low Engagement
0.09976305719060176,0.05222132735909308,0.5573499972396272,0.011664220565753336,-0.49759673362427115,1.7234108274756461,0.0,1.0,1.0,0.021052431154694518,0.9391910691519041,Low Engagement
0.12870642214571154,0.020616622320253488,0.5647489046197636,0.016135833442136503,0.47390035356641297,1.3059921111751684,0.0,1.0,1.0,0.020756504866172473,0.9398530866160537,Low Engagement
0.13247744690989516,0.014217645609122172,0.5742484608569369,0.02113364009901937,0.9388835875821497,1.1895577349626476,0.0,1.0,1.0,0.020639524359432237,0.9403871400015694,Low Engagement
0.12980107300763602,0.011810276536383715,0.5844410849541948,0.02112633672560264,1.2531902483703865,0.9816497182588958,0.0,1.0,1.0,0.018008762037830705,0.9415587327059578,Low Engagement
0.12581922784631963,0.009221041036780564,0.5942548047732245,0.01700071469132459,1.4962925549987929,0.8667534241430924,0.0,1.0,1.0,0.01789007316815557,0.9423033169337681,Low Engagement
0.12713773686548346,0.011193275711263983,0.5978296878332459,0.014389495672320066,1.4047197426834448,0.9518638226536763,0.0,1.0,1.0,0.019690243131318085,0.9420968145132065,Low Engagement
0.1197507747583666,0.021870603587608874,0.5992904043144889,0.01255631083821623,1.06481935420482,1.2169284306027643,0.0,1.0,1.0,0.020812217105548623,0.9420102089643478,Low Engagement
0.10622352254485985,0.036634207461205326,0.6001363250463754,0.011439482561380184,0.7953793057877224,1.3184312472301927,0.0,1.0,1.0,0.02312891256911391,0.9417419961520603,Low Engagement
0.08953474726755278,0.04228674130956876,0.5950351845913249,0.014859370503897152,0.41149734580101677,1.3942605907538943,0.0,1.0,1.0,0.022873355566698405,0.9413350209211692,Low Engagement
0.09208687632201712,0.042046874867928075,0.5817075071603353,0.023879416476797293,-0.15139876122501492,1.5051426004326747,0.0,1.0,1.0,0.024624926744760703,0.9406368028033864,Low Engagement
0.09861906354534036,0.04376424879629689,0.5707179991876465,0.02436586865250344,-0.5300000884452205,1.3055764315172282,0.0,1.0,1.0,0.023144056486071717,0.9398912604974241,Low Engagement
0.10139963256269453,0.04188508046220626,0.5633183567051611,0.022187144217470554,-0.6871291413796502,1.0799072103458423,0.0,1.0,1.0,0.020163106967946237,0.9394450166008689,Low Engagement
0.11222669054033343,0.043052313974498345,0.5577503303771099,0.02125896271964679,-0.8367236515986842,1.0250085795873531,0.0,1.0,1.0,0.018449208025521115,0.9394368141889572,Low Engagement
0.11869935678736024,0.03468021833008977,0.5552535640296344,0.017569430488428038,-1.0199897708216283,1.0012619614468508,0.0,1.0,1.0,0.01862890777932414,0.9387247544068557,Low Engagement
0.09804744195522558,0.010427610900742523,0.5566973010314792,0.01099225288121402,-2.1931839159894513,0.8953197786175956,0.0,1.0,1.0,0.019971783161103016,0.9455310526441355,Engaged
0.09865369697864597,0.010963215164219548,0.5567070020869298,0.010588128223249253,-2.3042420734543962,0.9040517780122511,0.0,1.0,1.0,0.020769945857600954,0.9457193163976277,Engaged
0.10064199450992257,0.012814814796228216,0.5542219235276045,0.010595314341638604,-2.2980218269152517,0.9184792466347619,0.0,1.0,1.0,0.01936999137944382,0.9449542938051997,Engaged
0.11748058541710138,0.042796291787919855,0.5470311761316518,0.022774426055656913,-2.102170333234829,1.106637308981484,0.0,1.0,1.0,0.019535685232634714,0.944575780952299,Engaged
0.14289572186398142,0.06425106366237424,0.5368092978706227,0.031450926667169955,-2.0866954343520674,1.12342827952711,0.0,1.0,1.0,0.01979888931869292,0.944107961654663,Engaged
0.15144750871638868,0.06301579821910015,0.5312808498350031,0.0321590122970171,-1.9650920657833177,1.1610862213869686,0.0,1.0,1.0,0.02281828314538183,0.9434923690718573,Engaged
0.1374973947786626,0.08072056837466932,0.5241838805839654,0.03050179080257958,-1.3885457648631125,1.7335341749644504,0.0,1.0,1.0,0.023726701162408066,0.943318874835968,Engaged
0.1133706367267864,0.1057186871195887,0.5184696526487019,0.026583204100015672,-0.392150358468216,2.2672756088987662,0.0,1.0,1.0,0.021893904642174715,0.9435452135403951,Engaged
0.11099023614602146,0.10726168925101405,0.5142204600723842,0.023040525394259954,-0.415417560066874,2.358554917951336,0.0,1.0,1.0,0.026710979139258694,0.9442786343892415,Engaged
0.10197156249429445,0.09924894716043108,0.5196923658013947,0.02181218229141461,-0.7240481254652575,2.554486567429915,0.0,1.0,1.0,0.025854725349698415,0.9440423346854545,Engaged
0.07432606921878783,0.07631752426707455,0.5243584666734522,0.017359276260692766,-0.6141321908840344,2.4812660013955394,0.0,1.0,1.0,0.02522095549541639,0.9438113135260504,Engaged
0.06457249666140567,0.07131804701941566,0.5301217626128027,0.01943307860536916,-0.5100709627154835,2.4212071584051795,0.0,1.0,1.0,0.025389328331580557,0.9440532416513522,Engaged
0.07614765821900238,0.06462444731948248,0.5375728862205786,0.020686418450660646,-1.0381840865825296,2.19661460685987,0.0,1.0,1.0,0.024607792558007227,0.9437742339421625,Engaged
0.09736211131912131,0.036818877931042736,0.5448887889734642,0.01966688433255806,-1.877758035846136,1.0253020572806155,0.0,1.0,1.0,0.022253387682369535,0.9430398626459969,Engaged
0.09195994998016316,0.03368529767424373,0.5493474768677842,0.018743721201069204,-1.6622420702372875,1.1556017093192255,0.0,1.0,1.0,0.022014067763980114,0.9428085154957242,Engaged
0.0852796493890658,0.02190493866490609,0.5479788149073838,0.019485572603541033,-1.3094923791390651,1.0318136521271022,0.0,1.0,1.0,0.02227649599442345,0.9430293987194697,Engaged
0.22445446529866217,0.08348484546410187,0.5771399013817918,0.015498487724270666,4.619959526317141,3.6062279493740945,0.0,0.8813559322033898,1.0,0.028788333783345842,0.939462647599689,Neutral
0.232140744248052,0.07945932867498864,0.5782790201405292,0.014591844603043296,5.2636593588466525,3.652887784268907,0.0,0.9014084507042254,1.0,0.02794449544559219,0.9393794889181433,Neutral
0.21134757891839895,0.11982044732894098,0.5844783206703184,0.01890406882698589,6.056694629799337,3.074092630445941,0.0,0.9041095890410958,1.0,0.03547589246183823,0.9396452446506448,Neutral
0.13859300722498502,0.22209584735887003,0.5848962155437842,0.01736061391698116,5.164030277694887,4.5223539888385025,0.0,0.863013698630137,1.0,0.037808666039353324,0.9384035721217117,Neutral
0.051271345095678704,0.2730615826827048,0.5824408265032892,0.018259379816782374,3.553048639690726,5.792278236214092,0.0,0.7972972972972973,1.0,0.03944649664816418,0.9371331084418941,Neutral
-0.05363391874271437,0.27222677683941754,0.5807503775753771,0.018786879529726935,1.2184451070473499,5.921856657654129,0.0,0.7945205479452054,1.0,0.04078741688195009,0.9357096920274708,Neutral
-0.13708767114032677,0.22544026183672455,0.5826116697682147,0.020112579989142655,-1.012130781214494,6.093966072423054,0.0,0.8055555555555556,1.0,0.046313691866102284,0.9345911153488689,Neutral
-0.22089612200466865,0.12510474993870546,0.5812731002687053,0.0207560455693837,-3.316338834922621,4.396941174696078,0.0,0.8028169014084507,1.0,0.04985264719160276,0.9340977022345637,Neutral
-0.25610232061243887,0.06754115243269593,0.5730263913505038,0.01857297013488197,-4.045722190391717,3.004759995117025,0.0,0.8,1.0,0.04423767499086199,0.9340294982705798,Neutral
-0.2695567392270264,0.07862433603849585,0.566843160211138,0.022496707320782315,-3.359444267849958,3.3858575264018747,0.0,0.704225352112676,1.0,0.04366080248847923,0.9346880929570802,Neutral
-0.3088778249817143,0.1381803024230115,0.5603464573560283,0.026058409824191293,-1.5134088907692749,4.820050127574995,0.0,0.6388888888888888,1.0,0.048914669757785634,0.9360696747899055,Neutral
-0.29986833722952316,0.14452516826445308,0.5525498978234463,0.027838741810509795,-0.5942706289543922,4.588185324420848,0.0,0.6438356164383562,1.0,0.04953592917073741,0.9379537268860699,Neutral
0.6753957154173899,0.5097198887906593,0.4855645216647345,0.05699716637041641,-2.201285908384473,5.485780613980971,0.0,0.4098360655737705,1.0,0.11490192715524862,0.9263305429552422,Low Engagement
0.8255630456360012,0.6171235446898782,0.4674977374875506,0.06596093675592656,-5.0073239013425095,9.677531171987399,0.0,0.33783783783783783,1.0,0.1457941853169214,0.92101851991705,Low Engagement
0.9909069670530303,0.6636770709648023,0.4534780721822586,0.07125189215037316,-7.026003384813291,12.832015850944924,0.0,0.23684210526315788,1.0,0.21542516048335433,0.9153032028361371,Low Engagement
0.7345347903753255,1.1125136806831963,0.4326059663163909,0.06128912787627153,-6.164326297103328,13.70934090444469,0.0,0.09210526315789473,1.0,0.2569562004962682,0.90958713308761,Low Engagement
0.3688035222661831,1.3933921776396034,0.4241036314355964,0.05421497992563244,-3.9957892114699547,14.890887353702974,0.0,0.07894736842105263,1.0,0.2618224472128286,0.9071716007433439,Low Engagement
-0.10620021444654075,1.435909297421549,0.43235983892350943,0.05487827849949069,-1.2352721710384196,14.999564076547193,0.0,0.07894736842105263,1.0,0.22558151090508563,0.9084270596504211,Low Engagement
-0.4501091232288941,1.3767034273550767,0.4368278995778618,0.056211316204688395,-0.40088088507533143,15.22994252234852,0.0,0.07894736842105263,1.0,0.22514225336266766,0.9096424681575674,Low Engagement
-0.6825598802062938,1.0631508479420695,0.459651233172624,0.052184268036107574,2.4489124173448733,11.201676958751362,0.0,0.13157894736842105,1.0,0.15961166655008777,0.9174510640533347,Low Engagement
-0.7088019597686298,0.9245959680951937,0.46446465760809225,0.03532001945013886,2.5005347002080724,7.256567118651845,0.0,0.05263157894736842,1.0,0.11846628267886772,0.9201813732322893,Low Engagement
-0.3039431023130021,0.955771867578913,0.4721873726764929,0.025644425779975492,-0.404245120311495,8.00354902111762,0.0,0.05194805194805195,1.0,0.08639404667358018,0.923296468598502,Low Engagement
0.049047930866505274,0.8672263907175248,0.4760308578924981,0.02623281820374068,-3.282907264077144,7.394648093160293,0.0,0.05194805194805195,1.0,0.08246513822690751,0.9255506512406585,Low Engagement
0.285271998570807,0.612227086858442,0.4931119221979034,0.039662548381905124,-5.039403586505511,5.901382639789425,0.0,0.20512820512820512,1.0,0.07058380382729147,0.9301310372658265,Low Engagement
0.4602962568018523,0.28626195624443995,0.5123104603535142,0.0482093984963177,-6.014717366207073,3.971251723104737,0.0,0.358974358974359,1.0,0.04983740616597657,0.9335762407535162,Low Engagement
0.4193483451460087,0.3107269509610406,0.5218315154857841,0.05149424191171665,-4.6263398263930435,4.9909723895959175,0.0,0.4810126582278481,1.0,0.04702353335636561,0.9344475895543641,Low Engagement
0.3324361566411419,0.3082123445499587,0.5304481856575334,0.050190871139355435,-2.6462084542863247,6.06157177582067,0.0,0.6455696202531646,1.0,0.03764883183290762,0.9364335604860813,Low Engagement
0.21276751603360156,0.23012228928975903,0.5489290225348605,0.04008664098235492,-0.009326036327698704,5.594274540042504,0.0,0.810126582278481,1.0,0.03192923663614977,0.9395986591713338,Low Engagement
0.10379813350951171,0.039165422851205514,0.5715851906811116,0.023786044283220707,2.2180597789911793,3.857317269603265,0.0,0.9871794871794872,1.0,0.026071863130878812,0.9423349805367298,Low Engagement
0.09330131053021076,0.021013181658069324,0.5769661861410709,0.024401186527136007,2.9109013150604506,2.7965002804240684,0.0,1.0,1.0,0.02331246431904214,0.9424209151512537,Low Engagement
0.09196209847337174,0.02065112395381796,0.5768480760953274,0.024018496018229037,2.818032286912375,2.9164071569012964,0.0,1.0,1.0,0.02308247553199208,0.9419677807734563,Low Engagement
0.053722428674284825,0.03231641586561888,0.5652815125715983,0.016205170481295147,1.9763688390982828,2.7754044282355492,0.0,1.0,1.0,0.024625239676898638,0.9438158273696899,Engaged
0.061751243007321044,0.040871260768257846,0.5603089238871337,0.02223742015037685,2.109737060896888,2.6683225088981533,0.0,1.0,1.0,0.02907232464466029,0.9432879367344816,Engaged
0.08016852536805111,0.04237468149647656,0.5580391168585179,0.02481604064177228,1.6651400710180841,2.1297827140163723,0.0,1.0,1.0,0.030616304657640776,0.9429245607953676,Engaged
0.0984980913738972,0.05075931955090353,0.554963366539883,0.023500770105584184,1.6044947774583191,2.020154738157343,0.0,1.0,1.0,0.03223299730228311,0.942473418372018,Engaged
0.11676404861457707,0.0557035143120568,0.5460110513360271,0.023554938300005886,1.9726028213979894,1.8465917007472168,0.0,1.0,1.0,0.03443340442300171,0.9420798344271524,Engaged
0.13397066620715808,0.05640497492921478,0.5362168201149031,0.02201819912678875,2.4182676091479554,1.376721495025021,0.0,1.0,1.0,0.03486964032395187,0.9418767455597998,Engaged
0.1538990344561708,0.03734027102667822,0.5297863040996176,0.019585573985696807,2.37743782230987,1.2164091145479907,0.0,1.0,1.0,0.03063042277510304,0.9415275777379671,Engaged
0.15933102570744465,0.0242475764110042,0.5265638509951112,0.01777612657722127,2.2909487114250795,0.9875736385143356,0.0,1.0,1.0,0.027658512164408646,0.9416474626488882,Engaged
0.15589053881391984,0.025905617854370108,0.5271326549721556,0.01748976648169583,1.9045783736141861,1.1363152335778193,0.0,1.0,1.0,0.027732692734356454,0.9416686574618022,Engaged
0.14553464871385913,0.01991524461077661,0.5471179063514504,0.012449773064122985,1.619860243084425,0.8535698579519305,0.0,1.0,1.0,0.019268051199163205,0.9392690610501074,Engaged
0.14483513252559024,0.018732271185583457,0.5485863520538675,0.01195091162598892,1.6752050825118956,0.8050675985910536,0.0,1.0,1.0,0.0195041254300144,0.9393945463498433,Engaged
0.1472378477494119,0.015487124467298219,0.5505858506637709,0.013656895745738966,1.8166712251389872,0.6312440185047122,0.0,1.0,1.0,0.02167131721998808,0.9396215181846124,Engaged
0.29207860223324816,0.1716044189284798,0.5361376981175268,0.028260601378503256,-0.5268147456143597,2.968668573052191,0.0,0.5901639344262295,1.0,0.03248597958719604,0.9368196188426409,Neutral
0.2764405534399896,0.1668892504653827,0.5432065970856738,0.03112232742459578,0.22785659928382918,3.3871818686403343,0.0,0.6216216216216216,1.0,0.03532112644967905,0.9368903564440237,Neutral
0.24145781345491196,0.20233360101045963,0.5407871889033061,0.02979630054264803,-0.17957140760218263,3.3979365699451964,0.0,0.631578947368421,1.0,0.036164808060661906,0.9370462110168055,Neutral
0.19424746080392005,0.24727084673532465,0.5384389966168814,0.028705571194611305,-0.2839171782509405,3.4406390034451237,0.0,0.6363636363636364,1.0,0.03809808969884804,0.9379356480264044,Neutral
0.13890553716108386,0.27704137625954267,0.5387008371833274,0.0280281415120864,-0.11980154144289802,3.500090391637229,0.0,0.6363636363636364,1.0,0.04100475696498186,0.938499590019127,Neutral
0.14598217414469772,0.28969537591834427,0.5389372632281799,0.02901465956800906,-0.05880197059876429,3.833529381582772,0.0,0.6493506493506493,1.0,0.05293621875314893,0.9378657077814078,Neutral
0.11907663791027354,0.26517999292464733,0.5452540790395539,0.029348298179417337,0.7246485787860976,3.818623851013973,0.0,0.7012987012987013,1.0,0.04911758708100946,0.938004415530663,Neutral
0.07164270840291502,0.2759362795491244,0.5447123037584809,0.02761034425222035,0.15578032211783302,3.4184841468372587,0.0,0.7272727272727273,1.0,0.04948827847511034,0.9377380276655222,Neutral
0.0428464646644214,0.2995431961051201,0.5490270200756404,0.03006289213634925,0.3073607924630327,3.348001784570039,0.0,0.7236842105263158,1.0,0.04897234069770524,0.9367635485373045,Neutral
0.005488323418157789,0.3283043075726424,0.5523005800523986,0.030719176342143044,-0.19139156126551202,3.3205881235070525,0.0,0.6363636363636364,1.0,0.04800961106154659,0.9352267167784951,Neutral
-0.019760920080899757,0.3396314972365486,0.5564099635665379,0.0315990159801444,-0.7236875316188235,3.218027203637029,0.0,0.5769230769230769,1.0,0.044454829604231576,0.9343518798167889,Neutral
0.16199096489711282,0.20012418433269824,0.6149677640947776,0.08589885598027869,1.197384742760061,5.396342878111881,0.13114754098360656,0.639344262295082,1.0,0.0538369686323986,0.9364452000524177,Low Engagement
0.12881138474168355,0.19689546757096624,0.6256972562182298,0.08203204201035162,3.5810649280797207,7.417467465232412,0.10810810810810811,0.7027027027027027,1.0,0.054030181273085225,0.9304237550980335,Low Engagement
0.12703678828461737,0.20937662346758085,0.6457276389111655,0.08345672602045606,5.986642771363093,7.6518202883181985,0.17647058823529413,0.6176470588235294,0.8947368421052632,0.06264692632173088,0.9216644448392531,Low Engagement
0.12573158228188733,0.21086717525320292,0.6542058751778529,0.08134855671388765,6.22210382412958,7.887027534037285,0.19117647058823528,0.6470588235294118,0.8717948717948718,0.07557680789060416,0.9128178559681949,Low Engagement
0.053396564427265404,0.11794626072503395,0.6764742330020806,0.06729844006844046,6.699157040511022,8.184494710142044,0.23636363636363636,0.7272727272727273,0.7051282051282052,0.06747837971956139,0.9081988150423224,Low Engagement
0.05144848788424585,0.13472191294246147,0.6750944413013703,0.07664939742371465,8.29731749332614,8.356058875075291,0.30952380952380953,0.6428571428571429,0.5384615384615384,0.08075776144363711,0.8971495230992635,Low Engagement
0.06612147571592218,0.15897900505755072,0.6527869171200023,0.07931172301250307,9.675410835726185,9.51588536640835,0.1724137931034483,0.7586206896551724,0.3717948717948718,0.09742075900169121,0.883363177036417,Low Engagement
0.14168307397506533,0.1742198972638697,0.6338910778820298,0.10055486087931588,5.5392861791577355,10.28744058035994,0.3125,0.5625,0.2077922077922078,0.1268017812278951,0.8680832162499428,Low Engagement
0.25070208674161854,0.11271836751929425,0.5651787499513617,0.051587760825562,-1.0897674283419096,5.877093344452988,0.0,0.8,0.12987012987012986,0.11535189406031036,0.8969247817993165,Low Engagement
0.0,0.0,0.0,0.0,0.0,0.0,0.0,0.0,0.0,0.0,0.0,Low Engagement
0.0,0.0,0.0,0.0,0.0,0.0,0.0,0.0,0.0,0.0,0.0,Low Engagement
-0.14721792819761337,0.6336258913883709,0.390293592708421,0.04438736505639349,0.01302243849331732,6.718277368288679,0.0,0.0,0.07792207792207792,0.38473543152440426,0.8620580236117045,Low Engagement
-0.6578807388434524,0.48963993110102594,0.37312605305640456,0.035054387510611296,7.669074687748703,7.6433675783933115,0.0,0.0,0.2564102564102564,0.1790168760484855,0.8883817017078399,Low Engagement
-0.9155978455971335,0.5082668318053475,0.38119698244517364,0.02984107969680587,9.024682593270226,8.063025413137492,0.0,0.0,0.43037974683544306,0.1967002907300117,0.8969108059125788,Low Engagement
-0.9483622174108168,0.49898718386101515,0.3934361089778624,0.03735599703008793,9.459862298703394,8.074045962301897,0.0,0.0425531914893617,0.5949367088607594,0.18917692587727772,0.9032214347352373,Low Engagement
-0.5836701616547473,0.8566477296408287,0.40299206010144917,0.05636509755744962,4.935049089089774,11.524417522245793,0.0,0.1,0.759493670886076,0.1839344127020226,0.905513416727384,Low Engagement
-0.2965585516460696,0.996232507072127,0.400609543687448,0.055296901498507814,1.7416503943279111,12.542956916635214,0.0,0.0821917808219178,0.9240506329113924,0.16789901278661615,0.9067620896313289,Low Engagement
-0.19936233390122654,0.9708812571765868,0.4266853463395246,0.07629830388039856,1.3020114602312212,12.112233360720694,0.0,0.1794871794871795,1.0,0.13628876128263168,0.9153361947108538,Low Engagement
-0.02939907623821691,0.9200370824164582,0.4620081903184789,0.08631868905578584,-1.1342903244549267,10.85462070533807,0.0,0.34615384615384615,1.0,0.1238653051705245,0.9220567689492152,Low Engagement
0.22106845166314776,0.695484516665495,0.49546091431784156,0.09099426318192508,-3.370410686774388,8.573489862228667,0.0,0.5194805194805194,1.0,0.08600301691322831,0.9272614020805854,Low Engagement
0.3890407490763536,0.4386472702058138,0.5148933353245557,0.08632026031641046,-4.696713910811453,6.251034101299689,0.0,0.6493506493506493,1.0,0.06387896474242555,0.9302113458707735,Low Engagement
